CREATE TABLE `analyzes` (
  `id_analyzes` int(5) NOT NULL AUTO_INCREMENT PRIMARY KEY,
  `name` varchar(45) COLLATE utf8_romanian_ci DEFAULT NULL,
  `price` double(9,2) DEFAULT NULL
) ENGINE=InnoDB DEFAULT CHARSET=utf8 COLLATE=utf8_romanian_ci COMMENT='Analize disponibile sau recomandate';

CREATE TABLE `clinic` (
  `id_clinic` int(11) NOT NULL AUTO_INCREMENT PRIMARY KEY,
  `name` varchar(45) COLLATE utf8_romanian_ci DEFAULT NULL,
  `logo` varchar(45) COLLATE utf8_romanian_ci DEFAULT NULL,
  `fiscal_numbar` varchar(45) COLLATE utf8_romanian_ci DEFAULT NULL,
  `trade_number` varchar(45) COLLATE utf8_romanian_ci DEFAULT NULL,
  `address` varchar(145) COLLATE utf8_romanian_ci DEFAULT NULL,
  `bank` varchar(45) COLLATE utf8_romanian_ci DEFAULT NULL,
  `iban` varchar(45) COLLATE utf8_romanian_ci DEFAULT NULL
) ENGINE=InnoDB DEFAULT CHARSET=utf8 COLLATE=utf8_romanian_ci COMMENT='Date despre cabinet';

CREATE TABLE `consult` (
  `id_consult` int(13) NOT NULL AUTO_INCREMENT PRIMARY KEY,
  `physiological_antecedents` text COLLATE utf8_romanian_ci,
  `pathological_antecedents` text COLLATE utf8_romanian_ci,
  `hetero_collateral_antecedents` text COLLATE utf8_romanian_ci,
  `medium_conditions` varchar(255) COLLATE utf8_romanian_ci DEFAULT NULL,
  `present_status` varchar(255) COLLATE utf8_romanian_ci DEFAULT NULL,
  `vascular_apparatus` varchar(255) COLLATE utf8_romanian_ci DEFAULT NULL,
  `local_complementary_exams` varchar(255) COLLATE utf8_romanian_ci DEFAULT NULL,
  `personal_antecedents` varchar(255) COLLATE utf8_romanian_ci DEFAULT NULL,
  `consult_reasons` varchar(255) COLLATE utf8_romanian_ci DEFAULT NULL,
  `remarks` varchar(255) COLLATE utf8_romanian_ci DEFAULT NULL,
  `diagnostic` varchar(45) COLLATE utf8_romanian_ci DEFAULT NULL,
  `recommendations` varchar(255) COLLATE utf8_romanian_ci DEFAULT NULL,
  `treatment` varchar(255) COLLATE utf8_romanian_ci DEFAULT NULL,
  `date` timestamp NOT NULL DEFAULT CURRENT_TIMESTAMP ON UPDATE CURRENT_TIMESTAMP,
  `id_patient` int(12) NOT NULL,
  `id_employee` int(5) NOT NULL
) ENGINE=InnoDB DEFAULT CHARSET=utf8 COLLATE=utf8_romanian_ci COMMENT='Fișa pacientului';

CREATE TABLE `consult_analyzes` (
  `id` int(11) NOT NULL AUTO_INCREMENT PRIMARY KEY,
  `id_consult` int(13) NOT NULL,
  `id_analyzes` int(5) NOT NULL,
  `price` double(9,2) NOT NULL
) ENGINE=InnoDB DEFAULT CHARSET=utf8 COLLATE=utf8_romanian_ci COMMENT='Tabelă de legătură cu detalii despre analizele efectuate';

CREATE TABLE `county` (
  `id_county` int(2) NOT NULL AUTO_INCREMENT PRIMARY KEY,
  `name` varchar(20) COLLATE utf8_romanian_ci NOT NULL
) ENGINE=InnoDB DEFAULT CHARSET=utf8 COLLATE=utf8_romanian_ci COMMENT='Table containing county list of Romania';

CREATE TABLE `employee` (
  `id_employee` int(5) NOT NULL AUTO_INCREMENT PRIMARY KEY,
  `first_name` varchar(45) COLLATE utf8_romanian_ci DEFAULT NULL,
  `last_name` varchar(45) COLLATE utf8_romanian_ci DEFAULT NULL,
  `user` varchar(45) COLLATE utf8_romanian_ci DEFAULT NULL,
  `pass` varchar(45) COLLATE utf8_romanian_ci DEFAULT NULL,
  `title` varchar(45) COLLATE utf8_romanian_ci DEFAULT NULL
) ENGINE=InnoDB DEFAULT CHARSET=utf8 COLLATE=utf8_romanian_ci COMMENT='Lista cu angajații cabinetului';

CREATE TABLE `invoice` (
  `id_invoice` int(13) NOT NULL AUTO_INCREMENT PRIMARY KEY,
  `date` datetime DEFAULT NULL,
  `serialNumber` varchar(45) COLLATE utf8_romanian_ci DEFAULT NULL,
  `id_clinic` int(5) NOT NULL,
  `id_patient` int(12) NOT NULL,
  `id_consult` int(13) NOT NULL,
  `id_employee` int(5) NOT NULL
) ENGINE=InnoDB DEFAULT CHARSET=utf8 COLLATE=utf8_romanian_ci COMMENT='Facturi emise';

CREATE TABLE `locality` (
  `id_locality` int(5) NOT NULL AUTO_INCREMENT PRIMARY KEY,
  `name` varchar(64) COLLATE utf8_romanian_ci NOT NULL,
  `id_county` int(2) NOT NULL COMMENT 'Relation to County ID'
) ENGINE=InnoDB DEFAULT CHARSET=utf8 COLLATE=utf8_romanian_ci COMMENT='Table with localities where from patients come from.';

CREATE TABLE `patient` (
  `id_patient` int(12) NOT NULL AUTO_INCREMENT PRIMARY KEY,
  `first_name` varchar(40) COLLATE utf8_romanian_ci NOT NULL,
  `last_name` varchar(40) COLLATE utf8_romanian_ci NOT NULL,
  `birth_date` date NOT NULL,
  `address` varchar(255) COLLATE utf8_romanian_ci DEFAULT NULL,
  `occupation` varchar(45) COLLATE utf8_romanian_ci DEFAULT NULL,
  `job` varchar(45) COLLATE utf8_romanian_ci DEFAULT NULL,
  `phone` varchar(20) COLLATE utf8_romanian_ci DEFAULT NULL,
  `email` varchar(128) COLLATE utf8_romanian_ci DEFAULT NULL,
  `cnp` varchar(13) COLLATE utf8_romanian_ci NOT NULL,
  `marital_status` set('married','unmarried') COLLATE utf8_romanian_ci DEFAULT NULL,
  `id_county` int(2) NOT NULL,
  `id_locality` int(5) NOT NULL
) ENGINE=InnoDB DEFAULT CHARSET=utf8 COLLATE=utf8_romanian_ci COMMENT='Baza de date pentru proiectul \neCabCardio';








--
-- Indexes for table `consult`
--
ALTER TABLE `consult`
  ADD KEY `fk_consult_patient` (`id_patient`),
  ADD KEY `fk_consult_employee` (`id_employee`);

ALTER TABLE `consult_analyzes`
  ADD KEY `fk_consult_analyzes_consult` (`id_consult`),
  ADD KEY `fk_consult_analyzes_analyzes` (`id_analyzes`);

ALTER TABLE `invoice`
  ADD KEY `fk_invoice_clinic` (`id_clinic`),
  ADD KEY `fk_invoice_patient` (`id_patient`),
  ADD KEY `fk_invoice_consult` (`id_consult`),
  ADD KEY `fk_invoice_employee` (`id_employee`);

ALTER TABLE `locality`
  ADD KEY `fk_locality_county` (`id_county`);

ALTER TABLE `patient`
  ADD KEY `fk_patient_county` (`id_county`),
  ADD KEY `fk_patient_locality` (`id_locality`);

ALTER TABLE `consult`
  ADD CONSTRAINT `consult_employee` FOREIGN KEY (`id_employee`) REFERENCES `employee` (`id_employee`) ON DELETE NO ACTION ON UPDATE NO ACTION,
  ADD CONSTRAINT `consult_patient` FOREIGN KEY (`id_patient`) REFERENCES `patient` (`id_patient`);

ALTER TABLE `consult_analyzes`
  ADD CONSTRAINT `consult_analyzes_analyzes` FOREIGN KEY (`id_analyzes`) REFERENCES `analyzes` (`id_analyzes`) ON DELETE NO ACTION ON UPDATE NO ACTION,
  ADD CONSTRAINT `consult_analyzes_consult` FOREIGN KEY (`id_consult`) REFERENCES `consult` (`id_consult`) ON DELETE NO ACTION ON UPDATE NO ACTION;

ALTER TABLE `invoice`
  ADD CONSTRAINT `invoice_clinic` FOREIGN KEY (`id_clinic`) REFERENCES `clinic` (`id_clinic`) ON DELETE NO ACTION ON UPDATE NO ACTION,
  ADD CONSTRAINT `invoice_consult` FOREIGN KEY (`id_consult`) REFERENCES `consult` (`id_consult`) ON DELETE NO ACTION ON UPDATE NO ACTION,
  ADD CONSTRAINT `invoice_employee` FOREIGN KEY (`id_employee`) REFERENCES `employee` (`id_employee`) ON DELETE NO ACTION ON UPDATE NO ACTION,
  ADD CONSTRAINT `invoice_patient` FOREIGN KEY (`id_patient`) REFERENCES `patient` (`id_patient`);

ALTER TABLE `locality`
  ADD CONSTRAINT `locality_county_id_county` FOREIGN KEY (`id_county`) REFERENCES `county` (`id_county`) ON DELETE NO ACTION ON UPDATE NO ACTION;

ALTER TABLE `patient`
  ADD CONSTRAINT `patient_county` FOREIGN KEY (`id_county`) REFERENCES `county` (`id_county`) ON DELETE NO ACTION ON UPDATE NO ACTION,
  ADD CONSTRAINT `patient_locality` FOREIGN KEY (`id_locality`) REFERENCES `locality` (`id_locality`) ON DELETE NO ACTION ON UPDATE NO ACTION;




--
-- Salvarea datelor din tabel `county`
--

INSERT INTO `county` (`id_county`, `name`) VALUES
(1, 'Alba'),
(2, 'Arad'),
(3, 'Arges'),
(4, 'Bacau'),
(5, 'Bihor'),
(6, 'Bistrita-Nasaud'),
(7, 'Botosani'),
(8, 'Braila'),
(9, 'Brasov'),
(10, 'Buzau'),
(11, 'Calarasi'),
(12, 'Caras-Severin'),
(13, 'Cluj'),
(14, 'Constanta'),
(15, 'Covasna'),
(16, 'Dambovita'),
(17, 'Dolj'),
(18, 'Galati'),
(19, 'Giurgiu'),
(20, 'Gorj'),
(21, 'Harghita'),
(22, 'Hunedoara'),
(23, 'Ialomita'),
(24, 'Iasi'),
(25, 'Ilfov'),
(26, 'Maramures'),
(27, 'Mehedinti'),
(28, 'Mures'),
(29, 'Neamt'),
(30, 'Olt'),
(31, 'Prahova'),
(32, 'Salaj'),
(33, 'Satu Mare'),
(34, 'Sibiu'),
(35, 'Suceava'),
(36, 'Teleorman'),
(37, 'Timis'),
(38, 'Tulcea'),
(39, 'Valcea'),
(40, 'Vaslui'),
(41, 'Vrancea'),
(53, 'BUCURESTI');

INSERT INTO `locality` (`id_locality`, `name`, `id_county`) VALUES
(1, 'Arad', 2),
(2, 'Chisineu Cris', 2),
(3, 'Curtici', 2),
(4, 'Ineu', 2),
(5, 'Lipova', 2),
(6, 'Nadlac', 2),
(7, 'Pancota', 2),
(8, 'Pecica', 2),
(9, 'Santana', 2),
(10, 'Sebis', 2),
(11, 'Almas', 2),
(12, 'Apateu', 2),
(13, 'Archis', 2),
(14, 'Barsa', 2),
(15, 'Barzava', 2),
(16, 'Bata', 2),
(17, 'Beliu', 2),
(18, 'Birchis', 2),
(19, 'Bocsig', 2),
(20, 'Brazii', 2),
(21, 'Buteni', 2),
(22, 'Carand', 2),
(23, 'Cermei', 2),
(24, 'Chisindia', 2),
(25, 'Conop', 2),
(26, 'Covasant', 2),
(27, 'Craiva', 2),
(28, 'Dezna', 2),
(29, 'Dieci', 2),
(30, 'Dorobanti', 2),
(31, 'Fantanele', 2),
(32, 'Felnac', 2),
(33, 'Frumuseni', 2),
(34, 'Ghiorc', 2),
(35, 'Graniceri', 2),
(36, 'Gurahont', 2),
(37, 'Halmagel', 2),
(38, 'Halmagiu', 2),
(39, 'Hasmas', 2),
(40, 'Ignesti', 2),
(41, 'Iratosu', 2),
(42, 'Livada', 2),
(43, 'Macea', 2),
(44, 'Misca', 2),
(45, 'Moneasa', 2),
(46, 'Olari', 2),
(47, 'Paulis', 2),
(48, 'Peregu Mare', 2),
(49, 'Petris', 2),
(50, 'Pilu', 2),
(51, 'Plescuta', 2),
(52, 'Sagu', 2),
(53, 'Savarsin', 2),
(54, 'Secusigiu', 2),
(55, 'Seitin', 2),
(56, 'Seleus', 2),
(57, 'Semlac', 2),
(58, 'Sepreus', 2),
(59, 'Sicula', 2),
(60, 'Silindia', 2),
(61, 'Simand', 2),
(62, 'Sintea Mare', 2),
(63, 'Siria', 2),
(64, 'Sistarovat', 2),
(65, 'Socodor', 2),
(66, 'Sofronea', 2),
(67, 'Tarnova', 2),
(68, 'Taut', 2),
(69, 'Ususau', 2),
(70, 'Varadia de Mures', 2),
(71, 'Varfurile', 2),
(72, 'Vinga', 2),
(73, 'Vladimirescu', 2),
(74, 'Zabrani', 2),
(75, 'Zadareni', 2),
(76, 'Zarand', 2),
(77, 'Zerind', 2),
(78, 'Zimandu Nou', 2),
(79, 'Abrud', 1),
(80, 'Aiud', 1),
(81, 'Alba Iulia', 1),
(82, 'Baia de Aries', 1),
(83, 'Blaj', 1),
(84, 'Campeni', 1),
(85, 'Cugir', 1),
(86, 'Ocna Mures', 1),
(87, 'Sebes', 1),
(88, 'Teius', 1),
(89, 'Zlatina', 1),
(90, 'Albac', 1),
(91, 'Almasu Mare', 1),
(92, 'Arieseni', 1),
(93, 'Avram Iancu', 1),
(94, 'Berghin', 1),
(95, 'Bistra', 1),
(96, 'Blandiana', 1),
(97, 'Bucerdea Granoasa', 1),
(98, 'Bucium', 1),
(99, 'Calnic', 1),
(100, 'Cenade', 1),
(101, 'Cergau', 1),
(102, 'Ceru-Bacainti', 1),
(103, 'Cetatea de Balta', 1),
(104, 'Ciugud', 1),
(105, 'Ciuruleasa', 1),
(106, 'Craciunelu de Jos', 1),
(107, 'Cricau', 1),
(108, 'Cut', 1),
(109, 'Daia Romana', 1),
(110, 'Dostat', 1),
(111, 'Farau', 1),
(112, 'Galda de Jos', 1),
(113, 'Garbova', 1),
(114, 'Garda de Sus', 1),
(115, 'Hoparta', 1),
(116, 'Horea', 1),
(117, 'Ighiu', 1),
(118, 'Intregalde', 1),
(119, 'Jidvei', 1),
(120, 'Livezile', 1),
(121, 'Lopadea Noua', 1),
(122, 'Lunca Muresului', 1),
(123, 'Lupsa', 1),
(124, 'Metes', 1),
(125, 'Mihalt', 1),
(126, 'Miraslau', 1),
(127, 'Mogos', 1),
(128, 'Noslac', 1),
(129, 'Ocolis', 1),
(130, 'Ohaba', 1),
(131, 'Pianu', 1),
(132, 'Poiana Vadului', 1),
(133, 'Ponor', 1),
(134, 'Posaga', 1),
(135, 'Radesti', 1),
(136, 'Ramet', 1),
(137, 'Rimetea', 1),
(138, 'Rosia de Secas', 1),
(139, 'Rosia Montana', 1),
(140, 'Salciua', 1),
(141, 'Salistea', 1),
(142, 'Sancel', 1),
(143, 'Santimbru', 1),
(144, 'Sasciori', 1),
(145, 'Scarisoara', 1),
(146, 'Sibot', 1),
(147, 'Sohodol', 1),
(148, 'Sona', 1),
(149, 'Spring', 1),
(150, 'Stremt', 1),
(151, 'Sugag', 1),
(152, 'Unirea', 1),
(153, 'Vadu Motilor', 1),
(154, 'Valea Lunga', 1),
(155, 'Vidra', 1),
(156, 'Vintu de Jos', 1),
(157, 'Campulung', 3),
(158, 'Costesti', 3),
(159, 'Curtea de Arges', 3),
(160, 'Mioveni', 3),
(161, 'Pitesti', 3),
(162, 'Stefanesti', 3),
(163, 'Topoloveni', 3),
(164, 'Albestii de Arges', 3),
(165, 'Albestii de Muscel', 3),
(166, 'Albota', 3),
(167, 'Aninoasa', 3),
(168, 'Arefu', 3),
(169, 'Babana', 3),
(170, 'Baiculesti', 3),
(171, 'Balilesti', 3),
(172, 'Barla', 3),
(173, 'Bascov', 3),
(174, 'Beleti-Negresti', 3),
(175, 'Berevoesti', 3),
(176, 'Bogati', 3),
(177, 'Boteni', 3),
(178, 'Botesti', 3),
(179, 'Bradu', 3),
(180, 'Bradulet', 3),
(181, 'Budeasa', 3),
(182, 'Bughea de Jos', 3),
(183, 'Bughea de Sus', 3),
(184, 'Buzoesti', 3),
(185, 'Caldararu', 3),
(186, 'Calinesti', 3),
(187, 'Cateasca', 3),
(188, 'Cepari', 3),
(189, 'Cetateni', 3),
(190, 'Ciocanesti', 3),
(191, 'Ciofrangeni', 3),
(192, 'Ciomagesti', 3),
(193, 'Cocu', 3),
(194, 'Corbeni', 3),
(195, 'Corbi', 3),
(196, 'Cosesti', 3),
(197, 'Cotmeana', 3),
(198, 'Cuca', 3),
(199, 'Dambovicioara', 3),
(200, 'Darmanesti', 3),
(201, 'Davidesti', 3),
(202, 'Dobresti', 3),
(203, 'Domnesti', 3),
(204, 'Draganu', 3),
(205, 'Dragoslavele', 3),
(206, 'Godeni', 3),
(207, 'Harsesti', 3),
(208, 'Hartiesti', 3),
(209, 'Izvoru', 3),
(210, 'Leordeni', 3),
(211, 'Leresti', 3),
(212, 'Lunca Corbului', 3),
(213, 'Malureni', 3),
(214, 'Maracineni', 3),
(215, 'Merisani', 3),
(216, 'Micesti', 3),
(217, 'Mihaesti', 3),
(218, 'Mioarele', 3),
(219, 'Mirosi', 3),
(220, 'Moraresti', 3),
(221, 'Mosoaia', 3),
(222, 'Mozaceni', 3),
(223, 'Musatesti', 3),
(224, 'Negrasi', 3),
(225, 'Nucsoara', 3),
(226, 'Oarja', 3),
(227, 'Pietrosani', 3),
(228, 'Poiana Lacului', 3),
(229, 'Poienarii de Arges', 3),
(230, 'Poienarii de Muscel', 3),
(231, 'Popesti', 3),
(232, 'Priboieni', 3),
(233, 'Raca', 3),
(234, 'Ratesti', 3),
(235, 'Recea', 3),
(236, 'Rociu', 3),
(237, 'Rucar', 3),
(238, 'Salatrucu', 3),
(239, 'Sapata', 3),
(240, 'Schitu Golesti', 3),
(241, 'Slobozia', 3),
(242, 'Stalpeni', 3),
(243, 'Stefan cel Mare', 3),
(244, 'Stoenesti', 3),
(245, 'Stolnici', 3),
(246, 'Suici', 3),
(247, 'Suseni', 3),
(248, 'Teiu', 3),
(249, 'Tigveni', 3),
(250, 'Titesti', 3),
(251, 'Uda', 3),
(252, 'Ungheni', 3),
(253, 'Valea Danului', 3),
(254, 'Valea Iasului', 3),
(255, 'Mare-Pravat', 3),
(256, 'Vedea', 3),
(257, 'Vladesti', 3),
(258, 'Vulturesti', 3),
(259, 'Bacau', 4),
(260, 'Buhusi', 4),
(261, 'Comanesti', 4),
(262, 'Darmanesti', 4),
(263, 'Moinesti', 4),
(264, 'Onesti', 4),
(265, 'Slanic-Moldova', 4),
(266, 'Targu-Ocna', 4),
(267, 'Agas', 4),
(268, 'Ardeoani', 4),
(269, 'Asau', 4),
(270, 'Balcani', 4),
(271, 'Barsanesti', 4),
(272, 'Beresti-Bistrita', 4),
(273, 'Beresti-Tazlau', 4),
(274, 'Berzunti', 4),
(275, 'Blagesti', 4),
(276, 'Bogdanesti', 4),
(277, 'Brusturoasa', 4),
(278, 'Buciumi', 4),
(279, 'Buhoci', 4),
(280, 'Caiuti', 4),
(281, 'Casin', 4),
(282, 'Cleja', 4),
(283, 'Colonesti', 4),
(284, 'Corbasca', 4),
(285, 'Cotofanesti', 4),
(286, 'Damienesti', 4),
(287, 'Dealu Morii', 4),
(288, 'Dofteana', 4),
(289, 'Faraoani', 4),
(290, 'Filipeni', 4),
(291, 'Filipesti', 4),
(292, 'Gaiceana', 4),
(293, 'Garleni', 4),
(294, 'Ghimes-Faget', 4),
(295, 'Gioseni', 4),
(296, 'Glavanesti', 4),
(297, 'Gura Vaii', 4),
(298, 'Helegiu', 4),
(299, 'Hemeius', 4),
(300, 'Horgesti', 4),
(301, 'Huruiesti', 4),
(302, 'Itesti', 4),
(303, 'Izvoru Berheciului', 4),
(304, 'Letea Veche', 4),
(305, 'Lipova', 4),
(306, 'Livezi', 4),
(307, 'Luizi-Calugara', 4),
(308, 'Magiresti', 4),
(309, 'Magura', 4),
(310, 'Manastirea Casin', 4),
(311, 'Margineni', 4),
(312, 'Motoseni', 4),
(313, 'Negri', 4),
(314, 'Nicolae Balcesu', 4),
(315, 'Odobest', 4),
(316, 'Oituz', 4),
(317, 'Oncesti', 4),
(318, 'Orbeni', 4),
(319, 'Palanca', 4),
(320, 'Pancesti', 4),
(321, 'Parava', 4),
(322, 'Pargaresti', 4),
(323, 'Parincea', 4),
(324, 'Parjol', 4),
(325, 'Plopana', 4),
(326, 'Podu Turcului', 4),
(327, 'Poduri', 4),
(328, 'Prajesti ', 4),
(329, 'Racaciuni', 4),
(330, 'Rachitoasa', 4),
(331, 'Racova', 4),
(332, 'Rosiori', 4),
(333, 'Sanduleni', 4),
(334, 'Sarata', 4),
(335, 'Sascut', 4),
(336, 'Saucesti', 4),
(337, 'Scorteni', 4),
(338, 'Secuieni', 4),
(339, 'Solont', 4),
(340, 'Stanisesti', 4),
(341, 'Stefan cel Mare', 4),
(342, 'Strugari', 4),
(343, 'Tamasi', 4),
(344, 'Targu Trotus', 4),
(345, 'Tatarasti', 4),
(346, 'Traian', 4),
(347, 'Ungureni', 4),
(348, 'Urechesti', 4),
(349, 'Valea Seaca', 4),
(350, 'Vultureni', 4),
(351, 'Zemes', 4),
(352, 'Alesd', 5),
(353, 'Beius', 5),
(354, 'Marghita', 5),
(355, 'Nucet', 5),
(356, 'Oradea', 5),
(357, 'Sacueni', 5),
(358, 'Salonta', 5),
(359, 'Stei', 5),
(360, 'Valea lui Mihai', 5),
(361, 'Vascau', 5),
(362, 'Abram', 5),
(363, 'Abramut', 5),
(364, 'Astileu', 5),
(365, 'Auseu', 5),
(366, 'Avram Iancu', 5),
(367, 'Balc', 5),
(368, 'Batar', 5),
(369, 'Biharia', 5),
(370, 'Boianu Mare', 5),
(371, 'Borod', 5),
(372, 'Bors', 5),
(373, 'Bratca', 5),
(374, 'Brusturi', 5),
(375, 'Budureasa', 5),
(376, 'Buduslau', 5),
(377, 'Bulz', 5),
(378, 'Buntesti', 5),
(379, 'Cabesti', 5),
(380, 'Campani', 5),
(381, 'Capalna', 5),
(382, 'Carpinet', 5),
(383, 'Cefa', 5),
(384, 'Ceica', 5),
(385, 'Cetariu', 5),
(386, 'Cherechiu', 5),
(387, 'Chislaz', 5),
(388, 'Ciuhoi', 5),
(389, 'Ciumeghiu', 5),
(390, 'Cociuba Mare', 5),
(391, 'Copacel', 5),
(392, 'Cristioru de Jos', 5),
(393, 'Curatele', 5),
(394, 'Curtuiseni', 5),
(395, 'Derna', 5),
(396, 'Diosig', 5),
(397, 'Dobresti', 5),
(398, 'Dragnesti', 5),
(399, 'Finis', 5),
(400, 'Gepiu', 5),
(401, 'Grisu de Cris ', 5),
(402, 'Hidiselu de Sus', 5),
(403, 'Holod', 5),
(404, 'Husasau de Tinca', 5),
(405, 'Ineu', 5),
(406, 'Lazareni', 5),
(407, 'Lazuri de Beius', 5),
(408, 'Lugasu de Jos', 5),
(409, 'Lunca', 5),
(410, 'Madaras', 5),
(411, 'Magesti', 5),
(412, 'Nojorid', 5),
(413, 'Olcea', 5),
(414, 'Osorhei', 5),
(415, 'Paleu', 5),
(416, 'Pietroasa', 5),
(417, 'Pocola', 5),
(418, 'Pomezeu', 5),
(419, 'Popesti', 5),
(420, 'Rabagani', 5),
(421, 'Remetea ', 5),
(422, 'Rieni', 5),
(423, 'Rosia', 5),
(424, 'Rosiori', 5),
(425, 'Sacadat', 5),
(426, 'Salacea', 5),
(427, 'Salard', 5),
(428, 'Sambata', 5),
(429, 'Sanmartin', 5),
(430, 'Sannicolau Roman', 5),
(431, 'Santandrei', 5),
(432, 'Sarbi', 5),
(433, 'Simian', 5),
(434, 'Sinteu', 5),
(435, 'Soimi', 5),
(436, 'Spinus', 5),
(437, 'Suncuius', 5),
(438, 'Suplacu de Barcau', 5),
(439, 'Tamaseu', 5),
(440, 'Tarcaia', 5),
(441, 'Tarcea', 5),
(442, 'Tauteu', 5),
(443, 'Tetchea', 5),
(444, 'Tileagd', 5),
(445, 'Tinca', 5),
(446, 'Toboliu', 5),
(447, 'Tulca', 5),
(448, 'Uileacu de Beius', 5),
(449, 'Vadu Crisului', 5),
(450, 'Varciorog', 5),
(451, 'Viisoara', 5),
(452, 'Brasov', 9),
(453, 'Codlea', 9),
(454, 'Fagaras', 9),
(455, 'Ghimbav', 9),
(456, 'Predeal', 9),
(457, 'Rasnov', 9),
(458, 'Rupea', 9),
(459, 'Sacele', 9),
(460, 'Victoria', 9),
(461, 'Zarnesti', 9),
(462, 'Apata', 9),
(463, 'Augustin', 9),
(464, 'Beclean', 9),
(465, 'Bod', 9),
(466, 'Bran', 9),
(467, 'Budila', 9),
(468, 'Bunesti', 9),
(469, 'Cata', 9),
(470, 'Cincu', 9),
(471, 'Comana', 9),
(472, 'Cristian', 9),
(473, 'Crizbav', 9),
(474, 'Dragus', 9),
(475, 'Dumbravita', 9),
(476, 'Feldioara', 9),
(477, 'Fundata', 9),
(478, 'Halchiu', 9),
(479, 'Harman', 9),
(480, 'Harseni', 9),
(481, 'Hoghiz', 9),
(482, 'Holbav', 9),
(483, 'Homorod', 9),
(484, 'Jibert', 9),
(485, 'Lisa', 9),
(486, 'Maierus', 9),
(487, 'Mandra', 9),
(488, 'Moieciu', 9),
(489, 'Ormenis', 9),
(490, 'Parau', 9),
(491, 'Poiana Marului', 9),
(492, 'Prejmer', 9),
(493, 'Racos', 9),
(494, 'Recea', 9),
(495, 'Sambata de Sus', 9),
(496, 'Sanpetru', 9),
(497, 'Sercaia', 9),
(498, 'Sinca', 9),
(499, 'Sinca Noua', 9),
(500, 'Soars', 9),
(501, 'Tarlungeni', 9),
(502, 'Teliu', 9),
(503, 'Ticusu', 9),
(504, 'Ucea', 9),
(505, 'Ungra', 9),
(506, 'Vama Buzaului', 9),
(507, 'Vistea', 9),
(508, 'Voila', 9),
(509, 'Vulcan', 9),
(510, 'Beclean', 6),
(511, 'Bistrita', 6),
(512, 'Nasaud', 6),
(513, 'Sangeorz-Bai', 6),
(514, 'Bistrita Bargaului', 6),
(515, 'Branistea', 6),
(516, 'Budacu de Jos', 6),
(517, 'Budesti', 6),
(518, 'Caianu Mic', 6),
(519, 'Cetate', 6),
(520, 'Chiochis', 6),
(521, 'Chiuza', 6),
(522, 'Ciceu-Giurgesti', 6),
(523, 'Ciceu-Mihaiesti', 6),
(524, 'Cosbuc', 6),
(525, 'Dumitra', 6),
(527, 'Feldru', 6),
(528, 'Galatii Bistritei', 6),
(529, 'Ilva Mare', 6),
(530, 'Ilva Mica', 6),
(531, 'Josenii Bargaului', 6),
(532, 'Lechinta', 6),
(533, 'Lesu', 6),
(534, 'Livezile', 6),
(535, 'Lunca Ilvei', 6),
(536, 'Magura Ilvei', 6),
(537, 'Maieru', 6),
(538, 'Mariselu', 6),
(539, 'Matei', 6),
(540, 'Micestii de Campie', 6),
(541, 'Milas', 6),
(542, 'Monor', 6),
(543, 'Negrilesti', 6),
(544, 'Nimigea', 6),
(545, 'Nuseni', 6),
(546, 'Parva', 6),
(547, 'Petru Rares', 6),
(548, 'Poiana Ilvei', 6),
(549, 'Prundu Bargaului', 6),
(550, 'Rebra', 6),
(551, 'Rebrisoara', 6),
(552, 'Rodna', 6),
(553, 'Romuli', 6),
(554, 'Runcu Salvei', 6),
(555, 'Salva', 6),
(556, 'Sanmihaiu de Campie', 6),
(557, 'Sant', 6),
(558, 'Sieu', 6),
(559, 'Sieu-Magherus', 6),
(560, 'Sieu-Odorhei', 6),
(561, 'Sieut', 6),
(562, 'Silivasu de Campie', 6),
(563, 'Sintereag', 6),
(564, 'Spermezeu', 6),
(565, 'Tarlisua', 6),
(566, 'Teaca', 6),
(567, 'Telciu', 6),
(568, 'Tiha Bargaului', 6),
(569, 'Uriu', 6),
(570, 'Urmenis', 6),
(571, 'Zagra', 6),
(572, 'Botosani', 7),
(573, 'Bucecea', 7),
(574, 'Darabani', 7),
(575, 'Dorohoi', 7),
(576, 'Flamanzi', 7),
(577, 'Saveni', 7),
(578, 'Stefanesti', 7),
(579, 'Adaseni', 7),
(580, 'Albesti', 7),
(581, 'Avrameni', 7),
(582, 'Baluseni', 7),
(583, 'Blandesti', 7),
(584, 'Braesti', 7),
(585, 'Broscauti', 7),
(586, 'Calarasi', 7),
(587, 'Candesti', 7),
(588, 'Concesti', 7),
(589, 'Copalau', 7),
(590, 'Cordareni', 7),
(591, 'Corlateni', 7),
(592, 'Corni', 7),
(593, 'Cosula', 7),
(594, 'Cotusca', 7),
(595, 'Cristesti', 7),
(596, 'Cristinesti', 7),
(597, 'Curtesti', 7),
(598, 'Dangeni', 7),
(599, 'Dersca', 7),
(600, 'Dimacheni', 7),
(601, 'Dobarceni', 7),
(602, 'Draguseni', 7),
(603, 'Durnesti', 7),
(604, 'Frumusica', 7),
(605, 'George Enescu', 7),
(606, 'Gorbanesti', 7),
(607, 'Hanesti', 7),
(608, 'Havarna', 7),
(609, 'Hiliseu-Horia', 7),
(610, 'Hlipiceni', 7),
(611, 'Hudesti', 7),
(612, 'Ibanesti', 7),
(613, 'Leorda', 7),
(614, 'Lozna', 7),
(615, 'Lunca', 7),
(616, 'Manoleasa', 7),
(617, 'Mihai Eminescu', 7),
(618, 'Mihaileni', 7),
(619, 'Mihalaseni', 7),
(620, 'Mileanca', 7),
(621, 'Mitoc', 7),
(622, 'Nicseni', 7),
(623, 'Paltinis', 7),
(624, 'Pomarla', 7),
(625, 'Prajeni', 7),
(626, 'Rachiti', 7),
(627, 'Radauti-Prut', 7),
(628, 'Rauseni', 7),
(629, 'Ripiceni', 7),
(630, 'Roma', 7),
(631, 'Romanesti', 7),
(632, 'Santa Mare', 7),
(633, 'Sendriceni', 7),
(634, 'Stauceni', 7),
(635, 'Stiubieni', 7),
(636, 'Suharau', 7),
(637, 'Sulita', 7),
(638, 'Todireni', 7),
(639, 'Trusesti', 7),
(640, 'Tudora', 7),
(641, 'Ungureni', 7),
(642, 'Unteni', 7),
(643, 'Vaculesti', 7),
(644, 'Varfu Campului', 7),
(645, 'Viisoara', 7),
(646, 'Vladeni', 7),
(647, 'Vlasinesti', 7),
(648, 'Vorniceni', 7),
(649, 'Vorona', 7),
(650, 'Braila', 8),
(651, 'Faurei', 8),
(652, 'Ianca', 8),
(653, 'Insuratei', 8),
(654, 'Baraganul', 8),
(655, 'Bertestii de Jos', 8),
(656, 'Bordei Verde', 8),
(657, 'Cazasu', 8),
(658, 'Chiscani', 8),
(659, 'Ciocile', 8),
(660, 'Ciresu', 8),
(661, 'Dudesti', 8),
(662, 'Frecatei', 8),
(663, 'Galbenu', 8),
(664, 'Gemenele', 8),
(665, 'Gradistea', 8),
(666, 'Gropeni', 8),
(667, 'Jirlau', 8),
(668, 'Marasu', 8),
(669, 'Maxineni', 8),
(670, 'Mircea Voda', 8),
(671, 'Movila Miresii', 8),
(672, 'Racovita', 8),
(673, 'Ramnicelu', 8),
(674, 'Romanu', 8),
(675, 'Rosiori', 8),
(676, 'Salcia Tudor', 8),
(677, 'Scortaru Nou', 8),
(678, 'Silistea', 8),
(679, 'Stancuta', 8),
(680, 'Surdila-Gaiseanca', 8),
(681, 'Surdila-Greci', 8),
(682, 'Sutesti', 8),
(683, 'Tichilesti', 8),
(684, 'Traian', 8),
(685, 'Tudor Vladimirescu', 8),
(686, 'Tufesti', 8),
(687, 'Ulmu', 8),
(688, 'Unirea', 8),
(689, 'Vadeni', 8),
(690, 'Victoria', 8),
(691, 'Visani', 8),
(692, 'Viziru', 8),
(693, 'Zavoaia', 8),
(694, 'Sector 1', 53),
(695, 'Sector 2', 53),
(696, 'Sector 3', 53),
(697, 'Sector 4', 53),
(698, 'Sector 5', 53),
(699, 'Sector 6', 53),
(700, 'Budesti', 11),
(701, 'Calarasi', 11),
(702, 'Fundulea', 11),
(703, 'Lehliu-Gara', 11),
(704, 'Oltenita', 11),
(705, 'Alexandru Odobescu', 11),
(706, 'Belciugatele', 11),
(707, 'Borcea', 11),
(708, 'Cascioarele', 11),
(709, 'Chirnogi', 11),
(710, 'Chiselet', 11),
(711, 'Ciocanesti', 11),
(712, 'Crivat', 11),
(713, 'Curcani', 11),
(714, 'Cuza Voda', 11),
(715, 'Dichiseni', 11),
(716, 'Dor Marunt', 11),
(717, 'Dorobantu', 11),
(718, 'Dragalina', 11),
(719, 'Dragos Voda', 11),
(720, 'Frasinet', 11),
(721, 'Frumusani', 11),
(722, 'Fundeni', 11),
(723, 'Galbinasi', 11),
(724, 'Gradistea', 11),
(725, 'Gurbanesti', 11),
(726, 'Ileana', 11),
(727, 'Independenta', 11),
(728, 'Jegalia', 11),
(729, 'Lehliu', 11),
(730, 'Luica', 11),
(731, 'Lupsanu', 11),
(732, 'Manastrirea', 11),
(733, 'Mitreni', 11),
(734, 'Modelu', 11),
(735, 'Nana', 11),
(736, 'Nicolae Balcescu', 11),
(737, 'Perisoru', 11),
(738, 'Plataresti', 11),
(739, 'Radovanu', 11),
(740, 'Roseti', 11),
(741, 'Sarulesti', 11),
(742, 'Sohatu', 11),
(743, 'Soldanu', 11),
(744, 'Spantov', 11),
(745, 'Stefan cel Mare', 11),
(746, 'Stefan Voda', 11),
(747, 'Tamadau Mare', 11),
(748, 'Ulmeni', 11),
(749, 'Ulmu', 11),
(750, 'Unirea', 11),
(751, 'Valcelele', 11),
(752, 'Valea Argovei', 11),
(753, 'Vasilati', 11),
(754, 'Vlad Tepes', 11),
(755, 'Campia Turzii', 13),
(756, 'Cluj-Napoca', 13),
(757, 'Dej', 13),
(758, 'Gherla', 13),
(759, 'Huedin', 13),
(760, 'Turda', 13),
(761, 'Aghirescu', 13),
(762, 'Aiton', 13),
(763, 'Alunis', 13),
(764, 'Apahida', 13),
(765, 'Aschileu', 13),
(766, 'Baciu', 13),
(767, 'Baisoara', 13),
(768, 'Belis', 13),
(769, 'Bobalna', 13),
(770, 'Bontida', 13),
(771, 'Borsa', 13),
(772, 'Buza', 13),
(773, 'Caianu', 13),
(774, 'Calarasi', 13),
(775, 'Calatele', 13),
(776, 'Camarasu', 13),
(777, 'Capusu Mare', 13),
(778, 'Caseiu', 13),
(779, 'Catcau', 13),
(780, 'Catina', 13),
(781, 'Ceanu Mare', 13),
(782, 'Chinteni', 13),
(783, 'Chiuiesti', 13),
(784, 'Ciucea', 13),
(785, 'Ciurila', 13),
(786, 'Cojocna', 13),
(787, 'Cornesti', 13),
(788, 'Cuzdrioara', 13),
(789, 'Dabaca', 13),
(790, 'Feleacu', 13),
(791, 'Fizesu Gherlii', 13),
(792, 'Floresti', 13),
(793, 'Frata', 13),
(794, 'Garbau', 13),
(795, 'Geaca', 13),
(796, 'Gilau', 13),
(797, 'Iara', 13),
(798, 'Iclod', 13),
(799, 'Izvoru Crisului', 13),
(800, 'Jichisu de Jos', 13),
(801, 'Jucu', 13),
(802, 'Luna', 13),
(803, 'Maguri-Racatau', 13),
(804, 'Manastireni', 13),
(805, 'Margau', 13),
(806, 'Marisel', 13),
(807, 'Mica', 13),
(808, 'Mihai Viteazu', 13),
(809, 'Mintiu Gherlii', 13),
(810, 'Mociu', 13),
(811, 'Moldovenesti', 13),
(812, 'Negreni', 13),
(813, 'Palatca', 13),
(814, 'Panticeu', 13),
(815, 'Petrestii de Jos', 13),
(816, 'Ploscos', 13),
(817, 'Poieni', 13),
(818, 'Rasca', 13),
(819, 'Recea-Cristur', 13),
(820, 'Sacuieu', 13),
(821, 'Sancraiu', 13),
(822, 'Sandulesti', 13),
(823, 'Sanmartin', 13),
(824, 'Sanpaul', 13),
(825, 'Savadisla', 13),
(826, 'Sic', 13),
(827, 'Suatu', 13),
(828, 'Taga', 13),
(829, 'Tritenii de Jos', 13),
(830, 'Tureni', 13),
(831, 'Unguras', 13),
(832, 'Vad', 13),
(833, 'Valea Ierii', 13),
(834, 'Viisoara', 13),
(835, 'Vultureni', 13),
(836, 'Buzau', 10),
(837, 'Nehoiu', 10),
(838, 'Patarlagele', 10),
(839, 'Pogoanele', 10),
(840, 'Ramnicu Sarat', 10),
(841, 'Amaru', 10),
(842, 'Balaceanu', 10),
(843, 'Balta Alba', 10),
(844, 'Beceni', 10),
(845, 'Berca', 10),
(846, 'Bisoca', 10),
(847, 'Blajani', 10),
(848, 'Boldu', 10),
(849, 'Bozioru', 10),
(850, 'Bradeanu', 10),
(851, 'Braesti', 10),
(852, 'Breaza', 10),
(853, 'Buda', 10),
(854, 'C.A Rosetti', 10),
(855, 'Calvini', 10),
(856, 'Canesti', 10),
(857, 'Catina', 10),
(858, 'Cernatesti', 10),
(859, 'Chiliile', 10),
(860, 'Chiojdu', 10),
(861, 'Cilibia', 10),
(862, 'Cislau', 10),
(863, 'Cochirleanca', 10),
(864, 'Colti', 10),
(865, 'Costesti', 10),
(866, 'Cozieni', 10),
(867, 'Florica', 10),
(868, 'Galbinasi', 10),
(869, 'Gheraseni', 10),
(870, 'Ghergheasa', 10),
(871, 'Glodeanu Sarat', 10),
(872, 'Glodeanu-Silistea', 10),
(873, 'Grebanu', 10),
(874, 'Gura Teghii', 10),
(875, 'Largu', 10),
(876, 'Lopatari', 10),
(877, 'Luciu', 10),
(878, 'Magura', 10),
(879, 'Manzalesti', 10),
(880, 'Maracineni', 10),
(881, 'Margaritesti', 10),
(882, 'Merei', 10),
(883, 'Mihailesti', 10),
(884, 'Movila Banului', 10),
(885, 'Murgesti', 10),
(886, 'Naeni', 10),
(887, 'Odaile', 10),
(888, 'Padina', 10),
(889, 'Panatau', 10),
(890, 'Pardosi', 10),
(891, 'Parscov', 10),
(892, 'Pietroasele', 10),
(893, 'Podgoria', 10),
(894, 'Posta Calnau', 10),
(895, 'Puiesti', 10),
(896, 'Racoviteni', 10),
(897, 'Ramnicelu', 10),
(898, 'Robeasca', 10),
(899, 'Rusetu', 10),
(900, 'Sageata', 10),
(901, 'Sahateni', 10),
(902, 'Sapoca', 10),
(903, 'Sarulesti', 10),
(904, 'Scortoasa', 10),
(905, 'Scutelnici', 10),
(906, 'Siriu', 10),
(907, 'Smeeni', 10),
(908, 'Stalpu', 10),
(909, 'Tintesti', 10),
(910, 'Tisau', 10),
(911, 'Topliceni', 10),
(912, 'Ulmeni', 10),
(913, 'Unguriu', 10),
(914, 'Vadu Pasii', 10),
(915, 'Valcelele', 10),
(916, 'Valea Ramnicului', 10),
(917, 'Valea Salciei', 10),
(918, 'Vernesti', 10),
(919, 'Vintila Voda', 10),
(920, 'Viperesti', 10),
(921, 'Zarnesti', 10),
(922, 'Ziduri', 10),
(923, 'Baneasa', 14),
(924, 'Cernavoda', 14),
(925, 'Constanta', 14),
(926, 'Eforie', 14),
(927, 'Harsova', 14),
(928, 'Mangalia', 14),
(929, 'Megidia', 14),
(930, 'Murfatlar', 14),
(931, 'Navodari', 14),
(932, 'Negru Voda', 14),
(933, 'Ovidiu', 14),
(934, 'Techirghiol', 14),
(935, '23 August', 14),
(936, 'Adamclisi', 14),
(937, 'Agigea', 14),
(938, 'Albesti', 14),
(939, 'Aliman', 14),
(940, 'Amzacea', 14),
(941, 'Baraganu', 14),
(942, 'Castelu', 14),
(943, 'Cerchezu', 14),
(944, 'Chirnogeni', 14),
(945, 'Ciobanu', 14),
(946, 'Ciocarlia', 14),
(947, 'Cobadin', 14),
(948, 'Cogealac', 14),
(949, 'Comana', 14),
(950, 'Corbu', 14),
(951, 'Costinesti', 14),
(952, 'Crucea', 14),
(953, 'Cumpana', 14),
(954, 'Cuza Voda', 14),
(955, 'Deleni', 14),
(956, 'Dobromir', 14),
(957, 'Dumbraveni', 14),
(958, 'Fantanele', 14),
(959, 'Garliciu', 14),
(960, 'Ghindaresti', 14),
(961, 'Gradina', 14),
(962, 'Horia', 14),
(963, 'Independenta', 14),
(964, 'Ion Corvin', 14),
(965, 'Istria', 14),
(966, 'Limanu', 14),
(967, 'Lipnita', 14),
(968, 'Lumina', 14),
(969, 'Mereni', 14),
(970, 'Mihai Viteazu', 14),
(971, 'Mihail Kogalniceanu', 14),
(972, 'Mircea Voda', 14),
(973, 'Nicolae Balcescu', 14),
(974, 'Oltina', 14),
(975, 'Ostrov', 14),
(976, 'Pantelimon', 14),
(977, 'Pecineaga', 14),
(978, 'Pestera', 14),
(979, 'Poarta Alba', 14),
(980, 'Rasova', 14),
(981, 'Sacele', 14),
(982, 'Saligny', 14),
(983, 'Saraiu', 14),
(984, 'Seimeni', 14),
(985, 'Silistea', 14),
(986, 'Targusor', 14),
(987, 'Topalu', 14),
(988, 'Topraisar', 14),
(989, 'Tortoman', 14),
(990, 'Tuzla', 14),
(991, 'Valu lui Traian', 14),
(992, 'Vulturu', 14),
(993, 'Anina', 12),
(994, 'Baile Herculane', 12),
(995, 'Bocsa', 12),
(996, 'Caransebes', 12),
(997, 'Moldova Noua', 12),
(998, 'Oravita', 12),
(999, 'Otelu Rosu', 12),
(1000, 'Resita', 12),
(1001, 'Armenis', 12),
(1002, 'Bania', 12),
(1003, 'Bautar', 12),
(1004, 'Berliste', 12),
(1005, 'Berzasca', 12),
(1006, 'Berzovia', 12),
(1007, 'Bolvasnita', 12),
(1008, 'Bozovici', 12),
(1009, 'Brebu', 12),
(1010, 'Brebu Nou', 12),
(1011, 'Buchin', 12),
(1012, 'Bucosnita', 12),
(1013, 'Carasova', 12),
(1014, 'Carbunari', 12),
(1015, 'Ciclova Romana', 12),
(1016, 'Ciuchici', 12),
(1017, 'Ciudanovita', 12),
(1018, 'Constantin Daicoviciu', 12),
(1019, 'Copacele', 12),
(1020, 'Cornea', 12),
(1021, 'Cornereva', 12),
(1022, 'Coronini', 12),
(1023, 'Dalboset', 12),
(1024, 'Doclin', 12),
(1025, 'Dognecea', 12),
(1026, 'Domasnea', 12),
(1027, 'Eftimie Murgu', 12),
(1028, 'Ezeris', 12),
(1029, 'Farliug', 12),
(1030, 'Forotic', 12),
(1031, 'Garnic', 12),
(1032, 'Glimboca', 12),
(1033, 'Goruia', 12),
(1034, 'Gradinari', 12),
(1035, 'Iablanita', 12),
(1036, 'Lapusnicel', 12),
(1037, 'Lapusnicu Mare', 12),
(1038, 'Luncavita', 12),
(1039, 'Lupac', 12),
(1040, 'Marga', 12),
(1041, 'Maureni', 12),
(1042, 'Mehadia', 12),
(1043, 'Mehadica', 12),
(1044, 'Naidas', 12),
(1045, 'Obreja', 12),
(1046, 'Ocna de Fier', 12),
(1047, 'Paltinis', 12),
(1048, 'Pojejena', 12),
(1049, 'Prigor', 12),
(1050, 'Racasdia', 12),
(1051, 'Ramna', 12),
(1052, 'Rusca Montana', 12),
(1053, 'Sacu', 12),
(1054, 'Sasca Montana', 12),
(1055, 'Sichevita', 12),
(1056, 'Slatina-Timis', 12),
(1057, 'Socol', 12),
(1058, 'Sopotu Nou', 12),
(1059, 'Tarnova', 12),
(1060, 'Teregova', 12),
(1061, 'Ticvaniu Mare', 12),
(1062, 'Toplet', 12),
(1063, 'Turnu Ruieni', 12),
(1064, 'Valiug', 12),
(1065, 'Varadia', 12),
(1066, 'Vermes', 12),
(1067, 'Vrani', 12),
(1068, 'Zavoi', 12),
(1069, 'Zorlentu Mare', 12),
(1070, 'Baraolt', 15),
(1071, 'Covasna', 15),
(1072, 'Intorsatura Buzaului', 15),
(1073, 'Sfantu Gheorghe', 15),
(1074, 'Targu Secuiesc', 15),
(1075, 'Aita Mare', 15),
(1076, 'Arcus', 15),
(1077, 'Barcani', 15),
(1078, 'Batani', 15),
(1079, 'Belin', 15),
(1080, 'Bixad', 15),
(1081, 'Bodoc', 15),
(1082, 'Borosneu Mare', 15),
(1083, 'Bradut', 15),
(1084, 'Brates', 15),
(1085, 'Bretcu', 15),
(1086, 'Catalina', 15),
(1087, 'Cernat', 15),
(1088, 'Chichis', 15),
(1089, 'Comandau', 15),
(1090, 'Dalnic', 15),
(1091, 'Dobarlau', 15),
(1092, 'Estelnic', 15),
(1093, 'Ghelinta', 15),
(1094, 'Ghidfalau', 15),
(1095, 'Haghig', 15),
(1096, 'Ilieni', 15),
(1097, 'Lemnia', 15),
(1098, 'Malnas', 15),
(1099, 'Mereni', 15),
(1100, 'Micfalau', 15),
(1101, 'Moacsa', 15),
(1102, 'Ojdula', 15),
(1103, 'Ozun', 15),
(1104, 'Poian', 15),
(1105, 'Reci', 15),
(1106, 'Sanzieni', 15),
(1107, 'Sita Buzaului', 15),
(1108, 'Turia', 15),
(1109, 'Valcele', 15),
(1110, 'Valea Crisului', 15),
(1111, 'Valea Mare', 15),
(1112, 'Varghis', 15),
(1113, 'Zabala', 15),
(1114, 'Zagon', 15),
(1115, 'Fieni', 16),
(1116, 'Gaesti', 16),
(1117, 'Moreni', 16),
(1118, 'Pucioasa', 16),
(1119, 'Racari', 16),
(1120, 'Targoviste', 16),
(1121, 'Titu', 16),
(1122, 'Aninoasa', 16),
(1123, 'Baleni', 16),
(1124, 'Barbuletu', 16),
(1125, 'Bezdead', 16),
(1126, 'Bilciuresti', 16),
(1127, 'Branesti', 16),
(1128, 'Branistea', 16),
(1129, 'Brezoaele', 16),
(1130, 'Buciumeni', 16),
(1131, 'Bucsani', 16),
(1132, 'Butimanu', 16),
(1133, 'Candesti', 16),
(1134, 'Ciocanesti', 16),
(1135, 'Cobia', 16),
(1136, 'Cojasca', 16),
(1137, 'Comisani', 16),
(1138, 'Contesti', 16),
(1139, 'Corbii Mari', 16),
(1140, 'Cornatelu', 16),
(1141, 'Cornesti', 16),
(1142, 'Costestii din Vale', 16),
(1143, 'Crangurile', 16),
(1144, 'Crevedia', 16),
(1145, 'Darmanesti', 16),
(1146, 'Dobra', 16),
(1147, 'Doicesti', 16),
(1148, 'Dragodana', 16),
(1149, 'Dragomiresti', 16),
(1150, 'Finta', 16),
(1151, 'Glodeni', 16),
(1152, 'Gura Foii', 16),
(1153, 'Gura Ocnitei', 16),
(1154, 'Gura Sutii', 16),
(1155, 'Hulubesti', 16),
(1156, 'I. L. Caragiale', 16),
(1157, 'Iedera', 16),
(1158, 'Lucieni', 16),
(1159, 'Ludesti', 16),
(1160, 'Lunguletu', 16),
(1161, 'Malu cu Flori', 16),
(1162, 'Manesti', 16),
(1163, 'Matasaru', 16),
(1164, 'Mogosani', 16),
(1165, 'Moroeni', 16),
(1166, 'Morteni', 16),
(1167, 'Motaieni', 16),
(1168, 'Niculesti', 16),
(1169, 'Nucet', 16),
(1170, 'Ocnita', 16),
(1171, 'Odobesti', 16),
(1172, 'Persinari', 16),
(1173, 'Petresti', 16),
(1174, 'Pietrari', 16),
(1175, 'Pietrosita', 16),
(1176, 'Poiana', 16),
(1177, 'Potlogi', 16),
(1178, 'Produlesti', 16),
(1179, 'Pucheni', 16),
(1180, 'Raciu', 16),
(1181, 'Rascaeti', 16),
(1182, 'Rau Alb', 16),
(1183, 'Razvad', 16),
(1184, 'Runcu', 16),
(1185, 'Salcioara', 16),
(1186, 'Selaru', 16),
(1187, 'Slobozia Moara', 16),
(1188, 'Sotanga', 16),
(1189, 'Tartasesti', 16),
(1190, 'Tatarani', 16),
(1191, 'Uliesti', 16),
(1192, 'Ulmi', 16),
(1193, 'Vacaresti', 16),
(1194, 'Valea Lunga', 16),
(1195, 'Valea Mare', 16),
(1196, 'Valeni-Dambovita', 16),
(1197, 'Varfuri', 16),
(1198, 'Visina', 16),
(1199, 'Visinesti', 16),
(1200, 'Vladeni', 16),
(1201, 'Voinesti', 16),
(1202, 'Vulcana-Bai', 16),
(1203, 'Vulcana-Pandele', 16),
(1204, 'Beresti', 18),
(1205, 'Galati', 18),
(1206, 'Targu Bujor', 18),
(1207, 'Tecuc', 18),
(1208, 'Balabanesti', 18),
(1209, 'Balasesti', 18),
(1210, 'Baleni', 18),
(1211, 'Baneasa', 18),
(1212, 'Barcea', 18),
(1213, 'Beresti-Meria', 18),
(1214, 'Brahasesti', 18),
(1215, 'Branistea', 18),
(1216, 'Buciumeni', 18),
(1217, 'Cavadinesti', 18),
(1218, 'Certesti', 18),
(1219, 'Corni', 18),
(1220, 'Corod', 18),
(1221, 'Cosmesti', 18),
(1222, 'Costache Negri', 18),
(1223, 'Cuca', 18),
(1224, 'Cudalbi', 18),
(1225, 'Cuza Voda', 18),
(1226, 'Draganesti', 18),
(1227, 'Draguseni', 18),
(1228, 'Fartanesti', 18),
(1229, 'Foltesti', 18),
(1230, 'Frumusita', 18),
(1231, 'Fundeni', 18),
(1232, 'Ghidigeni', 18),
(1233, 'Gohor', 18),
(1234, 'Grivita', 18),
(1235, 'Independenta', 18),
(1236, 'Ivesti', 18),
(1237, 'Jorasti', 18),
(1238, 'Liesti', 18),
(1239, 'Mastacani', 18),
(1240, 'Matca', 18),
(1241, 'Movileni', 18),
(1242, 'Munteni', 18),
(1243, 'Namoloasa', 18),
(1244, 'Negrilesti', 18),
(1245, 'Nicoresti', 18),
(1246, 'Oancea', 18),
(1247, 'Pechea', 18),
(1248, 'Piscu', 18),
(1249, 'Poiana', 18),
(1250, 'Proponesti', 18),
(1251, 'Radesti', 18),
(1252, 'Rediu', 18),
(1253, 'Scanteiesti', 18),
(1254, 'Schela', 18),
(1255, 'Sendreni', 18),
(1256, 'Slobozia Conachi', 18),
(1257, 'Smardan', 18),
(1258, 'Smulti', 18),
(1259, 'Suceveni', 18),
(1260, 'Suhurlui', 18),
(1261, 'Tepu', 18),
(1262, 'Tudor Vladimirescu', 18),
(1263, 'Tulucesti', 18),
(1264, 'Umbraresti', 18),
(1265, 'Valea Marului', 18),
(1266, 'Vanatori', 18),
(1267, 'Varlezi', 18),
(1268, 'Vladesti', 18),
(1269, 'Bolintin-Vale', 19),
(1270, 'Giurgiu', 19),
(1271, 'Mihailesti', 19),
(1272, 'Adunatii-Copaceni', 19),
(1273, 'Baneasa', 19),
(1274, 'Bolintin-Deal', 19),
(1275, 'Buscani', 19),
(1276, 'Bulbucata', 19),
(1277, 'Buturugeni', 19),
(1278, 'Calugareni', 19),
(1279, 'Clejani', 19),
(1280, 'Colibasi', 19),
(1281, 'Comana', 19),
(1282, 'Cososba', 19),
(1283, 'Crevedia Mare', 19),
(1284, 'Daia', 19),
(1285, 'Floresti-Stoenesti', 19),
(1286, 'Fratesti', 19),
(1287, 'Gaiseni', 19),
(1288, 'Gaujani', 19),
(1289, 'Ghimpati', 19),
(1290, 'Gogosari', 19),
(1291, 'Gostinari', 19),
(1292, 'Gostinu', 19),
(1293, 'Gradinari', 19),
(1294, 'Greaca', 19),
(1295, 'Herasti', 19),
(1296, 'Hotarele', 19),
(1297, 'Iepuresti', 19),
(1298, 'Isvoarele', 19),
(1299, 'Izvoarele', 19),
(1300, 'Joita', 19),
(1301, 'Letca Noua', 19),
(1302, 'Malu', 19),
(1303, 'Marsa', 19),
(1304, 'Mihai Bravu', 19),
(1305, 'Ogrezeni', 19),
(1306, 'Oinacu', 19),
(1307, 'Prundu', 19),
(1308, 'Putineiu', 19),
(1309, 'Rasuceni', 19),
(1310, 'Roata de Jos', 19),
(1311, 'Sabareni', 19),
(1312, 'Schitu', 19),
(1313, 'Singureni', 19),
(1314, 'Slobozia', 19),
(1315, 'Stanesti', 19),
(1316, 'Stoenesti', 19),
(1317, 'Toporu', 19),
(1318, 'Ulmi', 19),
(1319, 'Valea Dragului', 19),
(1320, 'Vanatorii Mici', 19),
(1321, 'Varasti', 19),
(1322, 'Vedea', 19),
(1323, 'Bumbesti-Jiu', 20),
(1324, 'Motru', 20),
(1325, 'Novaci', 20),
(1326, 'Rovinari', 20),
(1327, 'Targu Carbunesti', 20),
(1328, 'Targu Jiu', 20),
(1329, 'Ticleni', 20),
(1330, 'Tismana', 20),
(1331, 'Turceni', 20),
(1332, 'Albeni', 20),
(1333, 'Alimpesti', 20),
(1334, 'Aninoasa', 20),
(1335, 'Arcani', 20),
(1336, 'Baia de Fier', 20),
(1337, 'Balanesti', 20),
(1338, 'Balesti', 20),
(1339, 'Balteni', 20),
(1340, 'Barbatesti', 20),
(1341, 'Bengesti-Ciocadia', 20),
(1342, 'Berlesti', 20),
(1343, 'Bolbosi', 20),
(1344, 'Borascu', 20),
(1345, 'Branesti', 20),
(1346, 'Bumbesti-Pitic', 20),
(1347, 'Bustuchin', 20),
(1348, 'Calnic', 20),
(1349, 'Capreni', 20),
(1350, 'Catunele', 20),
(1351, 'Ciuperceni', 20),
(1352, 'Crasna', 20),
(1353, 'Cruset', 20),
(1354, 'Danciulesti', 20),
(1355, 'Danesti', 20),
(1356, 'Dragotesti', 20),
(1357, 'Dragutesti', 20),
(1358, 'Farcasesti', 20),
(1359, 'Glogova', 20),
(1360, 'Godinesti', 20),
(1361, 'Hurezani', 20),
(1362, 'Ionesti', 20),
(1363, 'Jupanesti', 20),
(1364, 'Lelesti', 20),
(1365, 'Licurici', 20),
(1366, 'Logresti', 20),
(1367, 'Matasari', 20),
(1368, 'Musetesti', 20),
(1369, 'Negomir', 20),
(1370, 'Pades', 20),
(1371, 'Pestisani', 20),
(1372, 'Plopsoru', 20),
(1373, 'Polovragi', 20),
(1374, 'Prigoria', 20),
(1375, 'Rosia de Amaradia', 20),
(1376, 'Runcu', 20),
(1377, 'Sacelu', 20),
(1378, 'Samarinesti', 20),
(1379, 'Saulesti', 20),
(1380, 'Schela', 20),
(1381, 'Scoarta', 20),
(1382, 'Slivilesti', 20),
(1383, 'Stanesti', 20),
(1384, 'Stejari', 20),
(1385, 'Stoina', 20),
(1386, 'Tantareni', 20),
(1387, 'Telesti', 20),
(1388, 'Turburea', 20),
(1389, 'Turcinesti', 20),
(1390, 'Urdari', 20),
(1391, 'Vagiulesti', 20),
(1392, 'Vladimir', 20),
(1393, 'Baile Tusnad', 21),
(1394, 'Balan', 21),
(1395, 'Borsec', 21),
(1396, 'Cisturu Secuiesc', 21),
(1397, 'Gheorgheni', 21),
(1398, 'Miercurea-Ciuc', 21),
(1399, 'Odorheiu Secuiesc', 21),
(1400, 'Toplita', 21),
(1401, 'Vlahita', 21),
(1402, 'Atid', 21),
(1403, 'Avramesti', 21),
(1404, 'Bilbor', 21),
(1405, 'Bradesti', 21),
(1406, 'Capalnita', 21),
(1407, 'Carta', 21),
(1408, 'Ciceu', 21),
(1409, 'Ciucsangeorgiu', 21),
(1410, 'Ciumani', 21),
(1411, 'Corbu', 21),
(1412, 'Corund', 21),
(1413, 'Cozmeni', 21),
(1414, 'Danesti', 21),
(1415, 'Darjiu', 21),
(1416, 'Dealu', 21),
(1417, 'Ditrau', 21),
(1418, 'Feliceni', 21),
(1419, 'Frumoasa', 21),
(1420, 'Galautas', 21),
(1421, 'Joseni', 21),
(1422, 'Lazarea', 21),
(1423, 'Leliceni', 21),
(1424, 'Lueta', 21),
(1425, 'Lunca de Jos', 21),
(1426, 'Luna de Sus', 21),
(1427, 'Lupeni', 21),
(1428, 'Madaras', 21),
(1429, 'Martinis', 21),
(1430, 'Meresti', 21),
(1431, 'Mihaileni', 21),
(1432, 'Mugeni', 21),
(1433, 'Ocland', 21),
(1434, 'Pauleni-Ciuc', 21),
(1435, 'Plaiesii de Jos', 21),
(1436, 'Porumbenii Mari', 21),
(1437, 'Praid', 21),
(1438, 'Racu', 21),
(1439, 'Remetea', 21),
(1440, 'Sacel', 21),
(1441, 'Sancraieni', 21),
(1442, 'Sandominic', 21),
(1443, 'Sanmartin', 21),
(1444, 'Sansimion', 21),
(1445, 'Santimbru', 21),
(1446, 'Sarmas', 21),
(1447, 'Satu Mare', 21),
(1448, 'Secuieni', 21),
(1449, 'Siculeni', 21),
(1450, 'Simonesti', 21),
(1451, 'Subcetate', 21),
(1452, 'Suseni', 21),
(1453, 'Tomesti', 21),
(1454, 'Tulghes', 21),
(1455, 'Tusnad', 21),
(1456, 'Ulies', 21),
(1457, 'Varsag', 21),
(1458, 'Voslabeni', 21),
(1459, 'Zetea', 21),
(1460, 'Aninoasa', 22),
(1461, 'Brad', 22),
(1462, 'Calan', 22),
(1463, 'Deva', 22),
(1464, 'Geoagiu', 22),
(1465, 'Hateg', 22),
(1466, 'Hunedoara', 22),
(1467, 'Lupeni', 22),
(1468, 'Orastie', 22),
(1469, 'Petrila', 22),
(1470, 'Petrosani', 22),
(1471, 'Simeria', 22),
(1472, 'Uricani', 22),
(1473, 'Vulcan', 22),
(1474, 'Bacia', 22),
(1475, 'Baia de Cris', 22),
(1476, 'Baita', 22),
(1477, 'Balsa', 22),
(1478, 'Banita', 22),
(1479, 'Baru', 22),
(1480, 'Batrana', 22),
(1481, 'Beriu', 22),
(1482, 'Blajeni', 22),
(1483, 'Bosorod', 22),
(1484, 'Branisca', 22),
(1485, 'Bretea Romana', 22),
(1486, 'Buces', 22),
(1487, 'Bucuresci', 22),
(1488, 'Bulzestii de Sus', 22),
(1489, 'Bunila', 22),
(1490, 'Burjuc', 22),
(1491, 'Carjiti', 22),
(1492, 'Cerbal', 22),
(1493, 'Certeju de Sus', 22),
(1494, 'Criscior', 22),
(1495, 'Densus', 22),
(1496, 'Dobra', 22),
(1497, 'General Berthelot', 22),
(1498, 'Ghelari', 22),
(1499, 'Gurasada', 22),
(1500, 'Harau', 22),
(1501, 'Ilia', 22),
(1502, 'Lapugiu de Jos', 22),
(1503, 'Lelese', 22),
(1504, 'Lunca Cernii de Jos', 22),
(1505, 'Luncoiu de Jos', 22),
(1506, 'Martinesti', 22),
(1507, 'Orastioara de Sus', 22),
(1508, 'Pestisu Mic', 22),
(1509, 'Pui', 22),
(1510, 'Rachitova', 22),
(1511, 'Rapoltu Mare', 22),
(1512, 'Rau de Mori', 22),
(1513, 'Ribita', 22),
(1514, 'Romos', 22),
(1515, 'Salasu de Sus', 22),
(1516, 'Santamaria-Orlea', 22),
(1517, 'Sarmizegetusa', 22),
(1518, 'Soimus', 22),
(1519, 'Teliucu Inferior', 22),
(1520, 'Tomesti', 22),
(1521, 'Toplita', 22),
(1522, 'Totesti', 22),
(1523, 'Turdas', 22),
(1524, 'Valisoara', 22),
(1525, 'Vata de Jos', 22),
(1526, 'Vetel', 22),
(1527, 'Vorta', 22),
(1528, 'Zam', 22),
(1529, 'Bailesti', 17),
(1530, 'Bechet', 17),
(1531, 'Calafat', 17),
(1532, 'Craiova', 17),
(1533, 'Dabuleni', 17),
(1534, 'Filiasi', 17),
(1535, 'Segarcea', 17),
(1536, 'Afumati', 17),
(1537, 'Almaj', 17),
(1538, 'Amarastii de Jos', 17),
(1539, 'Amarastii de Sus', 17),
(1540, 'Apele Vii', 17),
(1541, 'Argetoaia', 17),
(1542, 'Barca', 17),
(1543, 'Bistret', 17),
(1544, 'Botosesti-Paia', 17),
(1545, 'Brabova', 17),
(1546, 'Bradesti', 17),
(1547, 'Bralostita', 17),
(1548, 'Bratovoesti', 17),
(1549, 'Breasta', 17),
(1550, 'Bucovat', 17),
(1551, 'Bulzesti', 17),
(1552, 'Calarasi', 17),
(1553, 'Calopar', 17),
(1554, 'Caraula', 17),
(1555, 'Carcea', 17),
(1556, 'Carna', 17),
(1557, 'Carpen', 17),
(1558, 'Catranova', 17),
(1559, 'Catane', 17),
(1560, 'Celaru', 17),
(1561, 'Cerat', 17),
(1562, 'Cernatesti', 17),
(1563, 'Cetate', 17),
(1564, 'Cioroiasi', 17),
(1565, 'Ciupercenii Noi', 17),
(1566, 'Cosoveni', 17),
(1567, 'Cotofenii din Dos', 17),
(1568, 'Cotofenii din Fata', 17),
(1569, 'Daneti', 17),
(1570, 'Desa', 17),
(1571, 'Diosti', 17),
(1572, 'Dobresti', 17),
(1573, 'Dobrotesti', 17),
(1574, 'Dragotesti', 17),
(1575, 'Dranic', 17),
(1576, 'Farcas', 17),
(1577, 'Galicea Mare', 17),
(1578, 'Galiciuica', 17),
(1579, 'Gangiova', 17),
(1580, 'Ghercesti', 17),
(1581, 'Ghidici', 17),
(1582, 'Ghindeni', 17),
(1583, 'Gighera', 17),
(1584, 'Giubega', 17),
(1585, 'Giurgita', 17),
(1586, 'Gogosu', 17),
(1587, 'Goicea', 17),
(1588, 'Goiesti', 17),
(1589, 'Grecesti', 17),
(1590, 'Intorsura', 17),
(1591, 'Isalnita', 17),
(1592, 'Izvoare', 17),
(1593, 'Leu', 17),
(1594, 'Lipovu', 17),
(1595, 'Macesu de Jos', 17),
(1596, 'Macesu de Sus', 17),
(1597, 'Maglavit', 17),
(1598, 'Malu Mare', 17),
(1599, 'Marsani', 17),
(1600, 'Melinesti', 17),
(1601, 'Mischii', 17),
(1602, 'Motatei', 17),
(1603, 'Murgasi', 17),
(1604, 'Negoi', 17),
(1605, 'Orodel', 17),
(1606, 'Ostroveni', 17),
(1607, 'Perisor', 17),
(1608, 'Pielesti', 17),
(1609, 'Piscu Vechi', 17),
(1610, 'Plenita', 17),
(1611, 'Plesoi', 17),
(1612, 'Podari', 17),
(1613, 'Poiana Mare', 17),
(1614, 'Predesti', 17),
(1615, 'Radovan', 17),
(1616, 'Rast', 17),
(1617, 'Robanesti', 17),
(1618, 'Rojiste', 17),
(1619, 'Sadova', 17),
(1620, 'Salcuta', 17),
(1621, 'Scaesti', 17),
(1622, 'Seaca de Camp', 17),
(1623, 'Seaca de Padure', 17),
(1624, 'Secu', 17),
(1625, 'Silistea Crucii', 17),
(1626, 'Simnicu de Sus', 17),
(1627, 'Sopot', 17),
(1628, 'Talpas', 17),
(1629, 'Teasc', 17),
(1630, 'Terpezita', 17),
(1631, 'Teslui', 17),
(1632, 'Tuglui', 17),
(1633, 'Unirea', 17),
(1634, 'Urzicuta', 17),
(1635, 'Vartop', 17),
(1636, 'Varvoru de Jos', 17),
(1637, 'Vela', 17),
(1638, 'Verbita', 17),
(1639, 'Amara', 23),
(1640, 'Cazanesti', 23),
(1641, 'Fetesti', 23),
(1642, 'Fierbinti-Targ', 23),
(1643, 'Slobozia', 23),
(1644, 'Tandarei', 23),
(1645, 'Urziceni', 23),
(1646, 'Adancata', 23),
(1647, 'Albesti', 23),
(1648, 'Alexeni', 23),
(1649, 'Andrasesti', 23),
(1650, 'Armasesti', 23),
(1651, 'Axintele', 23),
(1652, 'Balaciu', 23),
(1653, 'Barbulesti', 23),
(1654, 'Barcanesti', 23),
(1655, 'Boranesti', 23),
(1656, 'Bordusani', 23),
(1657, 'Bucu', 23),
(1658, 'Buesti', 23),
(1659, 'Ciocarlia', 23),
(1660, 'Ciochina', 23),
(1661, 'Ciulnita', 23),
(1662, 'Cocora', 23),
(1663, 'Colilia', 23),
(1664, 'Cosambesti', 23),
(1665, 'Cosereni', 23),
(1666, 'Dragoesti', 23),
(1667, 'Dridu', 23),
(1668, 'Facaeni', 23),
(1669, 'Garbovi', 23),
(1670, 'Gheorghe Doja', 23),
(1671, 'Gheorghe Lazar', 23),
(1672, 'Giurgeni', 23),
(1673, 'Grindu', 23),
(1674, 'Grivita', 23),
(1675, 'Gura Ialomitei', 23),
(1676, 'Ion Roata', 23),
(1677, 'Jilavele', 23),
(1678, 'Maia', 23),
(1679, 'Manasia', 23),
(1680, 'Marculesti', 23),
(1681, 'Mihail Kogalniceanu', 23),
(1682, 'Milosesti', 23),
(1683, 'Moldoveni', 23),
(1684, 'Movila', 23),
(1685, 'Movilita', 23),
(1686, 'Munteni-Buzau', 23),
(1687, 'Ograda', 23),
(1688, 'Perieti', 23),
(1689, 'Platonesti', 23),
(1690, 'Radulesti', 23),
(1691, 'Reviga', 23),
(1692, 'Rosiori', 23),
(1693, 'Salcioara', 23),
(1694, 'Sarateni', 23),
(1695, 'Saveni', 23),
(1696, 'Scanteia', 23),
(1697, 'Sfantu Gheorghe', 23),
(1698, 'Sinesti', 23),
(1699, 'Stelnica', 23),
(1700, 'Suditi', 23),
(1701, 'Traian', 23),
(1702, 'Valea Ciorii', 23),
(1703, 'Valea Macrisului', 23),
(1704, 'Vladeni', 23),
(1705, 'Harlau', 24),
(1706, 'Iasi', 24),
(1707, 'Pascani', 24),
(1708, 'Podu Iloaiei', 24),
(1709, 'Targu Frumos', 24),
(1710, 'Alexandru Ioan Cuza', 24),
(1711, 'Andriseni', 24),
(1712, 'Aroneanu Interactica', 24),
(1713, 'Bals', 24),
(1714, 'Baltati', 24),
(1715, 'Barnova', 24),
(1716, 'Belcesti', 24),
(1717, 'Bivolari', 24),
(1718, 'Braesti', 24),
(1719, 'Butea', 24),
(1720, 'Ceplenita', 24),
(1721, 'Ciohorani', 24),
(1722, 'Ciortesti', 24),
(1723, 'Ciurea', 24),
(1724, 'Coarnele Caprei', 24),
(1725, 'Comarna', 24),
(1726, 'Costesti', 24),
(1727, 'Costuleni', 24),
(1728, 'Cotnari', 24),
(1729, 'Cozmesti', 24),
(1730, 'Cristesti', 24),
(1731, 'Cucuteni', 24),
(1732, 'Dagata', 24),
(1733, 'Deleni', 24),
(1734, 'Dobrovat', 24),
(1735, 'Dolhesti', 24),
(1736, 'Draguseni', 24),
(1737, 'Dumesti', 24),
(1738, 'Erbiceni', 24),
(1739, 'Fantanele', 24),
(1740, 'Focuri', 24),
(1741, 'Golaiesti', 24),
(1742, 'Gorban', 24),
(1743, 'Grajduri', 24),
(1744, 'Gropnita', 24),
(1745, 'Grozesti', 24),
(1746, 'Halaucesti', 24),
(1747, 'Harmanesti', 24),
(1748, 'Helesteni', 24),
(1749, 'Holboca', 24),
(1750, 'Horlesti', 24),
(1751, 'Ion Neculce', 24),
(1752, 'Ipatele', 24),
(1753, 'Lespezi', 24),
(1754, 'Letcani', 24),
(1755, 'Lungani', 24),
(1756, 'Madarjac', 24),
(1757, 'Mircesti', 24),
(1758, 'Mironeasa', 24),
(1759, 'Miroslava', 24),
(1760, 'Moroslovesti', 24),
(1761, 'Mogosesti', 24),
(1762, 'Mogosesti-Siret', 24),
(1763, 'Mosna', 24),
(1764, 'Motca', 24),
(1765, 'Movileni', 24),
(1766, 'Oteleni', 24),
(1767, 'Plugari', 24),
(1768, 'Popesti', 24),
(1769, 'Popricani', 24),
(1770, 'Prisacani', 24),
(1771, 'Probota', 24),
(1772, 'Rachiteni', 24),
(1773, 'Raducaneni', 24),
(1774, 'Rediu', 24),
(1775, 'Romanesti', 24),
(1776, 'Roscani', 24),
(1777, 'Ruginoasa', 24),
(1778, 'Scanteia', 24),
(1779, 'Scheia', 24),
(1780, 'Schitu Duca', 24),
(1781, 'Scobinti', 24),
(1782, 'Sinesti', 24),
(1783, 'Sipote', 24),
(1784, 'Siretel', 24),
(1785, 'Stolniceni-Prajescu', 24),
(1786, 'Strunga', 24),
(1787, 'Tansa', 24),
(1788, 'Tatarusi', 24),
(1789, 'Tibana', 24),
(1790, 'Tibanesti', 24),
(1791, 'Tiganesti', 24),
(1792, 'Todiresti', 24),
(1793, 'Tomesti', 24),
(1794, 'Trifesti', 24),
(1795, 'Tutora', 24),
(1796, 'Ungheni', 24),
(1797, 'Valea Lupului', 24),
(1798, 'Valea Seaca', 24),
(1799, 'Vanatori', 24),
(1800, 'Victoria', 24),
(1801, 'Vladeni', 24),
(1802, 'Voinesti', 24),
(1803, 'Bragadiru', 25),
(1804, 'Buftea', 25),
(1805, 'Chitila', 25),
(1806, 'Magurele', 25),
(1807, 'Otopeni', 25),
(1808, 'Pantelimon', 25),
(1809, 'Popesti-Leordeni', 25),
(1810, 'Voluntari', 25),
(1811, '1 Decembrie', 25),
(1812, 'Afumati', 25),
(1813, 'Balotesti', 25),
(1814, 'Berceni', 25),
(1815, 'Branesti', 25),
(1816, 'Cernica', 25),
(1817, 'Chiajna', 25),
(1818, 'Ciolpani', 25),
(1819, 'Ciorogarla', 25),
(1820, 'Clinceni', 25),
(1821, 'Copaceni', 25),
(1822, 'Corbeanca', 25),
(1823, 'Cornetu', 25),
(1824, 'Darasti-Ilfov', 25),
(1825, 'Dascalu', 25),
(1826, 'Dobroesti', 25),
(1827, 'Domnesti', 25),
(1828, 'Dragomiresti-Vale', 25),
(1829, 'Ganeasa', 25),
(1830, 'Glina', 25),
(1831, 'Gradistea', 25),
(1832, 'Gruiu', 25),
(1833, 'Jilava', 25),
(1834, 'Moara Vlasiei', 25),
(1835, 'Mogosoaia', 25),
(1836, 'Nuci', 25),
(1837, 'Peris', 25),
(1838, 'Petrachioaia', 25),
(1839, 'Snagov', 25),
(1840, 'Stefanestii de Jos', 25),
(1841, 'Tunari', 25),
(1842, 'Vidra', 25),
(1843, 'Baia de Arama', 27),
(1844, 'Drobeta-Turnu Severin', 27),
(1845, 'Orsova', 27),
(1846, 'Strehaia', 27),
(1847, 'Vanju Mare', 27),
(1848, 'Bacles', 27),
(1849, 'Bala', 27),
(1850, 'Balacita', 27),
(1851, 'Balta', 27),
(1852, 'Balvanesti', 27),
(1853, 'Branistea', 27),
(1854, 'Breznita-Motru', 27),
(1855, 'Breznita-Ocol', 27),
(1856, 'Brosteni', 27),
(1857, 'Burila Mare', 27),
(1858, 'Butoiesti', 27),
(1859, 'Cazanesti', 27),
(1860, 'Ciresu', 27),
(1861, 'Corcova', 27),
(1862, 'Corlatel', 27),
(1863, 'Cujmir', 27),
(1864, 'Darvari', 27),
(1865, 'Devesel', 27),
(1866, 'Dubova', 27),
(1867, 'Dumbrava', 27),
(1868, 'Eselnita', 27),
(1869, 'Floresti', 27),
(1870, 'Garla Mare', 27),
(1871, 'Godeanu', 27),
(1872, 'Gogosu', 27),
(1873, 'Greci', 27),
(1874, 'Grozesti', 27),
(1875, 'Gruia', 27),
(1876, 'Hinova', 27),
(1877, 'Husnicioara', 27),
(1878, 'Ilovat', 27),
(1879, 'Ilovita', 27),
(1880, 'Isverna', 27),
(1881, 'Izvoru Barzii', 27),
(1882, 'Jiana', 27),
(1883, 'Livezile', 27),
(1884, 'Malovat', 27),
(1885, 'Obarsia-Closani', 27),
(1886, 'Obarsia de Camp', 27),
(1887, 'Oprisor', 27),
(1888, 'Padina', 27),
(1889, 'Patulele', 27),
(1890, 'Podeni', 27),
(1891, 'Ponoarele', 27),
(1892, 'Poroiana Mare', 27),
(1893, 'Pristol', 27),
(1894, 'Prunisor', 27),
(1895, 'Punghina', 27),
(1896, 'Rogova', 27),
(1897, 'Salcia', 27),
(1898, 'Simian', 27),
(1899, 'Sisesti', 27),
(1900, 'Sovarna', 27),
(1901, 'Stangaceaua', 27),
(1902, 'Svinita', 27),
(1903, 'Tamna', 27),
(1904, 'Vanatori', 27),
(1905, 'Vanjulet', 27),
(1906, 'Vladaia', 27),
(1907, 'Voloiac', 27),
(1908, 'Vrata', 27),
(1909, 'Baia Mare', 26),
(1910, 'Baia-Sprie', 26),
(1911, 'Borsa', 26),
(1912, 'Cavnic', 26),
(1913, 'Dragomiresti', 26),
(1914, 'Salistea de Sus', 26),
(1915, 'Seini', 26),
(1916, 'Sighetu Marmatiei', 26),
(1917, 'Somcuta Mare', 26),
(1918, 'Targu-Lapus', 26),
(1919, 'Tautii Magheraus', 26),
(1920, 'Ulmeni', 26),
(1921, 'Viseu de Sus', 26),
(1922, 'Ardusat', 26),
(1923, 'Arinis', 26),
(1924, 'Asuaju de Sus', 26),
(1925, 'Baita de sub Codru', 26),
(1926, 'Baiut', 26),
(1927, 'Barsana', 26),
(1928, 'Basesti', 26),
(1929, 'Bicaz', 26),
(1930, 'Bistra', 26),
(1931, 'Bocicoiu Mare', 26),
(1932, 'Bogdan Voda', 26),
(1933, 'Boiu Mare', 26),
(1934, 'Botiza', 26),
(1935, 'Budesti', 26),
(1936, 'Calinesti', 26),
(1937, 'Campulung la Tisa', 26),
(1938, 'Cernesti', 26),
(1939, 'Cicarlau', 26),
(1940, 'Coas', 26),
(1941, 'Coltau', 26),
(1942, 'Copalnic-Manastur', 26),
(1943, 'Coroieni', 26),
(1944, 'Cupseni', 26),
(1945, 'Desesti', 26),
(1946, 'Dumbravita', 26),
(1947, 'Farcasa', 26),
(1948, 'Gardani', 26),
(1949, 'Giulesti', 26),
(1950, 'Grosi', 26),
(1951, 'Grosii tiblesului', 26),
(1952, 'Ieud', 26),
(1953, 'Lapus', 26),
(1954, 'Leordina', 26),
(1955, 'Miresu Mare', 26),
(1956, 'Moisei', 26),
(1957, 'Oarta de Jos', 26),
(1958, 'Ocna Sugatag', 26),
(1959, 'Oncesti', 26),
(1960, 'Petrova', 26),
(1961, 'Poienile de sub Munte', 26),
(1962, 'Poienile Izei', 26),
(1963, 'Recea', 26),
(1964, 'Remetea Chioarului', 26),
(1965, 'Remeti', 26),
(1966, 'Repedea', 26),
(1967, 'Rona de Jos', 26),
(1968, 'Rona de Sus', 26),
(1969, 'Rozavlea', 26),
(1970, 'Ruscova', 26),
(1971, 'Sacalaseni', 26),
(1972, 'Sacel', 26),
(1973, 'Salsig', 26),
(1974, 'Sapanta', 26),
(1975, 'Sarasau', 26),
(1976, 'Satulung', 26),
(1977, 'Sieu', 26),
(1978, 'Sisesti', 26),
(1979, 'Stramtura', 26),
(1980, 'Suciu de Sus', 26),
(1981, 'Vadu Izei', 26),
(1982, 'Valea Chioarului', 26),
(1983, 'Vima Mica', 26),
(1984, 'Viseu de Jos', 26),
(1985, 'Iernut', 28),
(1986, 'Ludus', 28),
(1987, 'Miercurea Nirajului', 28),
(1988, 'Reghin', 28),
(1989, 'Sangeorgiu-de-Padure', 28),
(1990, 'Sarmasu', 28),
(1991, 'Sighisoara', 28),
(1992, 'Sovata', 28),
(1993, 'Targu-Mures', 28),
(1994, 'Tarnaveni', 28),
(1995, 'Ungheni', 28),
(1996, 'Acatari', 28),
(1997, 'Adamus', 28),
(1998, 'Albesti', 28),
(1999, 'Alunis', 28),
(2000, 'Apold', 28),
(2001, 'Atintis', 28),
(2002, 'Bagaciu', 28),
(2003, 'Bahnea', 28),
(2004, 'Bala', 28),
(2005, 'Balauseri', 28),
(2006, 'Band', 28),
(2007, 'Batos', 28),
(2008, 'Beica de Jos', 28),
(2009, 'Bereni', 28),
(2010, 'Bichis', 28),
(2011, 'Bogata', 28),
(2012, 'Brancovenesti', 28),
(2013, 'Breaza', 28),
(2014, 'Ceauasu de Campie', 28),
(2015, 'Chetani', 28),
(2016, 'Chibed', 28),
(2017, 'Chiheru de Jos', 28),
(2018, 'Coroisanmartin', 28),
(2019, 'Corunca', 28),
(2020, 'Cozma', 28),
(2021, 'Craciunesti', 28),
(2022, 'Craiesti', 28),
(2023, 'Cristesti', 28),
(2024, 'Cucerdea', 28),
(2025, 'Cuci', 28),
(2026, 'Danes', 28),
(2027, 'Deda', 28),
(2028, 'Eremitu', 28),
(2029, 'Ernei', 28),
(2030, 'Fantanele', 28),
(2031, 'Faragau', 28),
(2032, 'Galesti', 28),
(2033, 'Ganesti', 28),
(2034, 'Gheorghe Doja', 28),
(2035, 'Ghindari', 28),
(2036, 'Glodeni', 28),
(2037, 'Gornesti', 28),
(2038, 'Grebenisu de Campie', 28),
(2039, 'Gurghiu', 28),
(2040, 'Hodac', 28),
(2041, 'Hodosa', 28),
(2042, 'Ibanesti', 28),
(2043, 'Iclanzel', 28),
(2044, 'Ideciu de Jos', 28),
(2045, 'Livezeni', 28),
(2046, 'Lunca Bradului', 28),
(2047, 'Lunca', 28),
(2048, 'Madaras', 28),
(2049, 'Magherani', 28),
(2050, 'Mica', 28),
(2051, 'Mihesu de Campie', 28),
(2052, 'Nades', 28),
(2053, 'Neaua', 28),
(2054, 'Ogra', 28),
(2055, 'Panet', 28),
(2056, 'Papiu Ilarian', 28),
(2057, 'Pasareni', 28),
(2058, 'Petelea', 28),
(2059, 'Pogaceaua', 28),
(2060, 'Raciu', 28),
(2061, 'Rastolita', 28),
(2062, 'Rusii-Munti', 28),
(2063, 'Sancraiu de Mures', 28),
(2064, 'Sangeorgiu de Mures', 28),
(2065, 'Sanger', 28),
(2066, 'Sanpaul', 28),
(2067, 'Sanpetru de Campie', 28),
(2068, 'Santana de Mures', 28),
(2069, 'Sarateni', 28),
(2070, 'Saschiz', 28),
(2071, 'Saulia', 28),
(2072, 'Sincai', 28),
(2073, 'Solovastru', 28),
(2074, 'Stanceni', 28),
(2075, 'Suplac', 28),
(2076, 'Suseni', 28),
(2077, 'Taureni', 28),
(2078, 'Valea Larga', 28),
(2079, 'Vanatori', 28),
(2080, 'Vargata', 28),
(2081, 'Vatava', 28),
(2082, 'Vetca', 28),
(2083, 'Viisoara', 28),
(2084, 'Voivodeni', 28),
(2085, 'Zagar', 28),
(2086, 'Zau de Campie', 28),
(2087, 'Bicaz', 29),
(2088, 'Piatra Neamt', 29),
(2089, 'Roman', 29),
(2090, 'Roznov', 29),
(2091, 'Targu-Neamt', 29),
(2092, 'Agapia', 29),
(2093, 'Alexandru cel Bun', 29),
(2094, 'Bahna', 29),
(2095, 'Baltatesti', 29),
(2096, 'Bara', 29),
(2097, 'Bargauani', 29),
(2098, 'Bicaz-Chei', 29),
(2099, 'Bicazu Ardelean', 29),
(2100, 'Bodesti', 29),
(2101, 'Boghicea', 29),
(2102, 'Borca', 29),
(2103, 'Borlesti', 29),
(2104, 'Botesti', 29),
(2105, 'Bozieni', 29),
(2106, 'Brusturi', 29),
(2107, 'Candesti', 29),
(2108, 'Ceahlau', 29),
(2109, 'Cordun', 29),
(2110, 'Costisa', 29),
(2111, 'Cracaoani', 29),
(2112, 'Damuc', 29),
(2113, 'Dobreni', 29),
(2114, 'Dochia', 29),
(2115, 'Doljesti', 29),
(2116, 'Draganesti', 29),
(2117, 'Dragomiresti', 29),
(2118, 'Dulcesti', 29),
(2119, 'Dumbrava Rosie', 29),
(2120, 'Farcasa', 29),
(2121, 'Faurei', 29),
(2122, 'Gadinti', 29),
(2123, 'Garcina', 29),
(2124, 'Gheraesti', 29),
(2125, 'Ghindaoani', 29),
(2126, 'Girov', 29),
(2127, 'Grinties', 29),
(2128, 'Grumazesti', 29),
(2129, 'Hangu', 29),
(2130, 'Horia', 29),
(2131, 'Icusesti', 29),
(2132, 'Ion Creanga', 29),
(2133, 'Margineni', 29),
(2134, 'Moldoveni', 29),
(2135, 'Negresti', 29),
(2136, 'Oniceni', 29),
(2137, 'Pancesti', 29),
(2138, 'Pangarati', 29),
(2139, 'Pastraveni', 29),
(2140, 'Petricani', 29),
(2141, 'Piatra Soimului', 29),
(2142, 'Pipirig', 29),
(2143, 'Podoleni', 29),
(2144, 'Poiana Teiului', 29),
(2145, 'Poienari', 29),
(2146, 'Raucesti', 29),
(2147, 'Razboieni', 29),
(2148, 'Rediu', 29),
(2149, 'Romani', 29),
(2150, 'Ruginoasa', 29),
(2151, 'Sabaoani', 29),
(2152, 'Sagna', 29),
(2153, 'Savinesti', 29),
(2154, 'Secuieni', 29),
(2155, 'Stanita', 29),
(2156, 'Stefan cel Mare', 29),
(2157, 'Tamaseni', 29),
(2158, 'Tarcau', 29),
(2159, 'Tasca', 29),
(2160, 'Tazlau', 29),
(2161, 'Tibucani', 29),
(2162, 'Timisesti', 29),
(2163, 'Trifesti', 29),
(2164, 'Tupilati', 29),
(2165, 'Urecheni', 29),
(2166, 'Valea Ursului', 29),
(2167, 'Valeni', 29),
(2168, 'Vanatori-Neamt', 29),
(2169, 'Zanesti', 29),
(2170, 'Bals', 30),
(2171, 'Caracal', 30),
(2172, 'Corabia', 30),
(2173, 'Draganesti-Olt', 30),
(2174, 'Piatra Olt', 30),
(2175, 'Potcoava', 30),
(2176, 'Scornicesti', 30),
(2177, 'Slatina', 30),
(2178, 'Babiciu', 30),
(2179, 'Baldovinesti', 30),
(2180, 'Balteni', 30),
(2181, 'Barasti', 30),
(2182, 'Barza', 30),
(2183, 'Iernut', 30),
(2184, 'Bobicesti', 30),
(2185, 'Brancoevni', 30),
(2186, 'Brastavatu', 30),
(2187, 'Brebeni', 30),
(2188, 'Bucinisu', 30),
(2189, 'Calui', 30),
(2190, 'Carlogani', 30),
(2191, 'Cezieni', 30),
(2192, 'Cilieni', 30),
(2193, 'Colonesti', 30),
(2194, 'Corbu', 30),
(2195, 'Coteana', 30),
(2196, 'Crampoia', 30),
(2197, 'Cungrea', 30),
(2198, 'Curtisoara', 30),
(2199, 'Daneasa', 30),
(2200, 'Deveselu', 30),
(2201, 'Dobretu', 30),
(2202, 'Dobrosloveni', 30),
(2203, 'Dobroteasa', 30),
(2204, 'Dobrun', 30),
(2205, 'Draghiceni', 30),
(2206, 'Fagetelu', 30),
(2207, 'Falcoiu', 30),
(2208, 'Farcasele', 30),
(2209, 'Ganeasa', 30),
(2210, 'Garcov', 30),
(2211, 'Gavanesti', 30),
(2212, 'Ghimpeteni', 30),
(2213, 'Giuvarasti', 30),
(2214, 'Gostavatu', 30),
(2215, 'Gradinari', 30),
(2216, 'Gradinile', 30),
(2217, 'Grojdibodu', 30),
(2218, 'Gura Padinii', 30),
(2219, 'Ianca', 30),
(2220, 'Iancu Jianu', 30),
(2221, 'Icoana', 30),
(2222, 'Ipotesti', 30),
(2223, 'Izbiceni', 30),
(2224, 'Izvoarele', 30),
(2225, 'Leleasca', 30),
(2226, 'Maruntei', 30),
(2227, 'Mihaesti', 30),
(2228, 'Milcov', 30),
(2229, 'Morunglav', 30),
(2230, 'Movileni', 30),
(2231, 'Nicolae Titulescu', 30),
(2232, 'Obarsia', 30),
(2233, 'Oboga', 30),
(2234, 'Oporelu', 30),
(2235, 'Optasi-Magura', 30),
(2236, 'Orlea', 30),
(2237, 'Osica de Jos', 30),
(2238, 'Osica de Sus', 30),
(2239, 'Parscoveni', 30),
(2240, 'Perieti', 30),
(2241, 'Plesoiu', 30),
(2242, 'Poboru', 30),
(2243, 'Priseaca', 30),
(2244, 'Radomiresti', 30),
(2245, 'Redea', 30),
(2246, 'Rotunda', 30),
(2247, 'Rusanesti', 30),
(2248, 'Samburesti', 30),
(2249, 'Sarbii-Magura', 30),
(2250, 'Scarisoara', 30),
(2251, 'Schitu', 30),
(2252, 'Seaca', 30),
(2253, 'Serbanesti', 30),
(2254, 'Slatioara', 30),
(2255, 'Soparlita', 30),
(2256, 'Spineni', 30),
(2257, 'Sprancenata', 30),
(2258, 'Stefan cel Mare', 30),
(2259, 'Stoenesti', 30),
(2260, 'Stoicanesti', 30),
(2261, 'Strejesti', 30),
(2262, 'Studina', 30),
(2263, 'Tatulesti', 30),
(2264, 'Teslui', 30),
(2265, 'Tia Mare', 30),
(2266, 'Topana', 30),
(2267, 'Traian', 30),
(2268, 'Tufeni', 30),
(2269, 'Urzica', 30),
(2270, 'Vadastra', 30),
(2271, 'Vadastrita', 30),
(2272, 'Valcele', 30),
(2273, 'Valea Mare', 30),
(2274, 'Valeni', 30),
(2275, 'Verguleasa', 30),
(2276, 'Visina Noua', 30),
(2277, 'Visina', 30),
(2278, 'Vitomiresti', 30),
(2279, 'Vladila', 30),
(2280, 'Voineasa', 30),
(2281, 'Vulpeni', 30),
(2282, 'Vulturesti', 30),
(2283, 'Cehu Silvaniei', 32),
(2284, 'Jibou', 32),
(2285, 'Simleu Silvaniei', 32),
(2286, 'Zalau', 32),
(2287, 'Agrij', 32),
(2288, 'Almasu', 32),
(2289, 'Babeni', 32),
(2290, 'Balan', 32),
(2291, 'Banisor', 32),
(2292, 'Benesat', 32),
(2293, 'Bobota', 32),
(2294, 'Bocsa', 32),
(2295, 'Boghis', 32),
(2296, 'Buciumi', 32),
(2297, 'Camar', 32),
(2298, 'Carastelec', 32),
(2299, 'Chiesd', 32),
(2300, 'Cizer', 32),
(2301, 'Coseiu', 32),
(2302, 'Crasna', 32),
(2303, 'Creaca', 32),
(2304, 'Criseni', 32),
(2305, 'Cristolt', 32),
(2306, 'Cuzaplac', 32),
(2307, 'Dobrin', 32),
(2308, 'Dragu', 32),
(2309, 'Fildu de Jos', 32),
(2310, 'Galgau', 32),
(2311, 'Garbou', 32),
(2312, 'Halmasd', 32),
(2313, 'Hereclean', 32),
(2314, 'Hida', 32),
(2315, 'Horatu Crasnei', 32),
(2316, 'Ilenda', 32),
(2317, 'Ip', 32),
(2318, 'Letca', 32),
(2319, 'Lozna', 32),
(2320, 'Maeriste', 32),
(2321, 'Marca', 32),
(2322, 'Mesesenii de Jos', 32),
(2323, 'Mirsid', 32),
(2324, 'Napradea', 32),
(2325, 'Nusfalau', 32),
(2326, 'Pericei', 32),
(2327, 'Plopis', 32),
(2328, 'Poiana Blenchii', 32),
(2329, 'Romanasi', 32),
(2330, 'Rus', 32),
(2331, 'Sag', 32),
(2332, 'Salatig', 32),
(2333, 'Samsud', 32);
INSERT INTO `locality` (`id_locality`, `name`, `id_county`) VALUES
(2334, 'Sanmihaiu Almasului', 32);

INSERT INTO `patient` (`id_patient`, `first_name`, `last_name`, `birth_date`, `address`, `occupation`, `job`, `phone`, `email`, `cnp`, `marital_status`, `id_county`, `id_locality`) VALUES
(1, 'Laszlo', 'Markus', '1960-10-13', 'Str Cantonului 16 ', 'paza', 'Avertis', '0736637002', 'portar@zigman.ro', '1811213333401', 'unmarried', 19, 100),
(2, 'Istvan', 'Lovasz', '1982-10-11', 'Cluj-Napoca str Silvaniei 2-4', 'purchaser', 'Zigman', '0736637003', 'aprovizionare@zigman.ro', '1821011124240', 'married', 18, 84),
(3, 'Laszlo', 'Lovasz', '1980-12-12', 'Sancraiu 43', 'tamplar', 'Ecolegno', '0736547893', 'lovaszl@gmail.com', '1801212941366', '', 12, 87);
